{
  "B11": 2783.492714497228,
  "B12": 2612.92508649419,
  "B2": 1244.257059282698,
  "B3": 1443.4648874498387,
  "B4": 1687.8876476952528,
  "B8": 2047.4398629811371,
  "BSI": 0.15097925076367388,
  "NDBI": 0.15163355210289153,
  "NDMI": -0.15163355210289153,
  "NDVI": 0.0972486708616139,
  "NDWI": -0.17325185748394248,
  "SWIR_NIR": 1.3650362478775178
}