{
  "B11": 2734.6328893601662,
  "B12": 2546.586956747326,
  "B2": 1215.5006545159933,
  "B3": 1414.8316128875638,
  "B4": 1648.103201685493,
  "B8": 2045.7773839957065,
  "BSI": 0.14472356978057788,
  "NDBI": 0.14251763926988253,
  "NDMI": -0.14251763926988253,
  "NDVI": 0.10970552652450735,
  "NDWI": -0.18290325292954945,
  "SWIR_NIR": 1.3423752685024242
}